title,price,rating,discount,offers,link,image,availability
Panasonic 139 cm \ 4K Ultra HD Smart Android LED TV TH-55MX700DX \ \(2023 Model,11999,3.8 stars,,,https://www.amazon.in/SKYLIVE-Bezel-Less-Android-SL40PROV-Command/dp/B0CRS2YQ3L/ref=sr_1_3?dib=eyJ2IjoiMSJ9.QVa7JFfKT6kUxzNsC1IubxFpN7C5jGQsmAn2Hec-YFbVBSAPF6xYSoSYRWfpKZ83d4jXPW0WUORjwjb694mqUeSNtC6g_YimWh-LzvEuX7PtoY9DTW2BGNrhbF36gBP6H_dovGe86UVMbRSDQjaDrXx8OnXd52HL9PTm5AyYgByl0DAGqYayEEtQPkF2i0xrFY1Mg6SfWIRcV8a0gTY9jw.1bgQ1KJZaw3BP7Xiv_MdqpcrthRKdHBH0De5-qR2R_k&dib_tag=se&keywords=TV+4k+amazon&qid=1770885288&refinements=p_n_g-101015506708111%3A100445450031&rnid=100445373031&sr=8-3,https://m.media-amazon.com/images/I/813rnVFP+CL._AC_UY218_.jpg,
108cm  Full HD Smart LED TV TH-43MS550DX (Black,31990,3.8 stars,19% off,"FREE delivery as soon as Mon, 16 Fe",https://www.amazon.in/Panasonic-108cm-Inches-Smart-TH-43MS550DX/dp/B0CJRZRZ15/ref=sr_1_6?dib=eyJ2IjoiMSJ9.QVa7JFfKT6kUxzNsC1IubxFpN7C5jGQsmAn2Hec-YFbVBSAPF6xYSoSYRWfpKZ83d4jXPW0WUORjwjb694mqUeSNtC6g_YimWh-LzvEuX7PtoY9DTW2BGNrhbF36gBP6H_dovGe86UVMbRSDQjaDrXx8OnXd52HL9PTm5AyYgByl0DAGqYayEEtQPkF2i0xrFY1Mg6SfWIRcV8a0gTY9jw.1bgQ1KJZaw3BP7Xiv_MdqpcrthRKdHBH0De5-qR2R_k&dib_tag=se&keywords=TV+4k+amazon&qid=1770885288&refinements=p_n_g-101015506708111%3A100445450031&rnid=100445373031&sr=8-6,https://m.media-amazon.com/images/I/61qGZUeJk9L._AC_UY218_.jpg,in stock
Nexavision 140 cm \ 4K Ultra HD LED Smart WebOS TV Magic Remote with Voice Recognition 55NVUW,37000,,,,https://www.amazon.in/HEURIX-Assistant-Streaming-Connectivity-Entertainment/dp/B0FLY6523L/ref=sr_1_8?dib=eyJ2IjoiMSJ9.QVa7JFfKT6kUxzNsC1IubxFpN7C5jGQsmAn2Hec-YFbVBSAPF6xYSoSYRWfpKZ83d4jXPW0WUORjwjb694mqUeSNtC6g_YimWh-LzvEuX7PtoY9DTW2BGNrhbF36gBP6H_dovGe86UVMbRSDQjaDrXx8OnXd52HL9PTm5AyYgByl0DAGqYayEEtQPkF2i0xrFY1Mg6SfWIRcV8a0gTY9jw.1bgQ1KJZaw3BP7Xiv_MdqpcrthRKdHBH0De5-qR2R_k&dib_tag=se&keywords=TV+4k+amazon&qid=1770885288&refinements=p_n_g-101015506708111%3A100445450031&rnid=100445373031&sr=8-8,https://m.media-amazon.com/images/I/71XS8P-dl+L._AC_UY218_.jpg,
140 cm  4K Ultra HD LED Smart WebOS TV Magic Remote with Voice Recognition 55NVUW,32990,,,,https://www.amazon.in/dp/B0GM7PCQND/ref=sr_1_9?dib=eyJ2IjoiMSJ9.QVa7JFfKT6kUxzNsC1IubxFpN7C5jGQsmAn2Hec-YFbVBSAPF6xYSoSYRWfpKZ83d4jXPW0WUORjwjb694mqUeSNtC6g_YimWh-LzvEuX7PtoY9DTW2BGNrhbF36gBP6H_dovGe86UVMbRSDQjaDrXx8OnXd52HL9PTm5AyYgByl0DAGqYayEEtQPkF2i0xrFY1Mg6SfWIRcV8a0gTY9jw.1bgQ1KJZaw3BP7Xiv_MdqpcrthRKdHBH0De5-qR2R_k&dib_tag=se&keywords=TV+4k+amazon&qid=1770885288&refinements=p_n_g-101015506708111%3A100445450031&rnid=100445373031&sr=8-9,https://m.media-amazon.com/images/I/21IbfDZG0vL._AC_UY218_.jpg,
HD Google LED TV Smart TV with Built-in Google Assistant | Streaming Apps & Voic,12000,,,,https://www.amazon.in/HEURIX-Assistant-Streaming-Connectivity-Entertainment/dp/B0FLV3V1D4/ref=sr_1_10?dib=eyJ2IjoiMSJ9.QVa7JFfKT6kUxzNsC1IubxFpN7C5jGQsmAn2Hec-YFbVBSAPF6xYSoSYRWfpKZ83d4jXPW0WUORjwjb694mqUeSNtC6g_YimWh-LzvEuX7PtoY9DTW2BGNrhbF36gBP6H_dovGe86UVMbRSDQjaDrXx8OnXd52HL9PTm5AyYgByl0DAGqYayEEtQPkF2i0xrFY1Mg6SfWIRcV8a0gTY9jw.1bgQ1KJZaw3BP7Xiv_MdqpcrthRKdHBH0De5-qR2R_k&dib_tag=se&keywords=TV+4k+amazon&qid=1770885288&refinements=p_n_g-101015506708111%3A100445450031&rnid=100445373031&sr=8-10,https://m.media-amazon.com/images/I/41bjlM2lE1L._AC_UY218_.jpg,
Google TV 50 UHD  Smart TV with Built-in Google Assistant | Streaming Apps & Voic,32500,,,,https://www.amazon.in/HEURIX-Assistant-Streaming-Connectivity-Entertainment/dp/B0FLY5GVKQ/ref=sr_1_11?dib=eyJ2IjoiMSJ9.QVa7JFfKT6kUxzNsC1IubxFpN7C5jGQsmAn2Hec-YFbVBSAPF6xYSoSYRWfpKZ83d4jXPW0WUORjwjb694mqUeSNtC6g_YimWh-LzvEuX7PtoY9DTW2BGNrhbF36gBP6H_dovGe86UVMbRSDQjaDrXx8OnXd52HL9PTm5AyYgByl0DAGqYayEEtQPkF2i0xrFY1Mg6SfWIRcV8a0gTY9jw.1bgQ1KJZaw3BP7Xiv_MdqpcrthRKdHBH0De5-qR2R_k&dib_tag=se&keywords=TV+4k+amazon&qid=1770885288&refinements=p_n_g-101015506708111%3A100445450031&rnid=100445373031&sr=8-11,https://m.media-amazon.com/images/I/71Nt0cKrziL._AC_UY218_.jpg,
D2C Vision 80 cm  Bezel - Less Android 11 with Bluetooth & Voice Assistant | HD Ready Smart LED TV |,11999,,,,https://www.amazon.in/D2C-Vision-inches-Bezel-D2CVELASLTBLK32/dp/B0BJQ9QXFF/ref=sr_1_12?dib=eyJ2IjoiMSJ9.QVa7JFfKT6kUxzNsC1IubxFpN7C5jGQsmAn2Hec-YFbVBSAPF6xYSoSYRWfpKZ83d4jXPW0WUORjwjb694mqUeSNtC6g_YimWh-LzvEuX7PtoY9DTW2BGNrhbF36gBP6H_dovGe86UVMbRSDQjaDrXx8OnXd52HL9PTm5AyYgByl0DAGqYayEEtQPkF2i0xrFY1Mg6SfWIRcV8a0gTY9jw.1bgQ1KJZaw3BP7Xiv_MdqpcrthRKdHBH0De5-qR2R_k&dib_tag=se&keywords=TV+4k+amazon&qid=1770885288&refinements=p_n_g-101015506708111%3A100445450031&rnid=100445373031&sr=8-12,https://m.media-amazon.com/images/I/615W8cYCpHL._AC_UY218_.jpg,
HEURIX Google LED TV 43 FHD Smart TV with Built-in Google Assistant | Streaming Apps & Voic,19999,,,,https://www.amazon.in/POLYTECH-inches-Frameless-Replacement-Warranty/dp/B0DZF9RC2F/ref=sr_1_13?dib=eyJ2IjoiMSJ9.QVa7JFfKT6kUxzNsC1IubxFpN7C5jGQsmAn2Hec-YFbVBSAPF6xYSoSYRWfpKZ83d4jXPW0WUORjwjb694mqUeSNtC6g_YimWh-LzvEuX7PtoY9DTW2BGNrhbF36gBP6H_dovGe86UVMbRSDQjaDrXx8OnXd52HL9PTm5AyYgByl0DAGqYayEEtQPkF2i0xrFY1Mg6SfWIRcV8a0gTY9jw.1bgQ1KJZaw3BP7Xiv_MdqpcrthRKdHBH0De5-qR2R_k&dib_tag=se&keywords=TV+4k+amazon&qid=1770885288&refinements=p_n_g-101015506708111%3A100445450031&rnid=100445373031&sr=8-13,https://m.media-amazon.com/images/I/417jtvP8MQL._AC_UY218_.jpg,
Google LED TV 43 FHD Smart TV with Built-in Google Assistant | Streaming Apps & Voic,22500,,,,https://www.amazon.in/HEURIX-Assistant-Streaming-Connectivity-Entertainment/dp/B0FLXYG1J7/ref=sr_1_14?dib=eyJ2IjoiMSJ9.QVa7JFfKT6kUxzNsC1IubxFpN7C5jGQsmAn2Hec-YFbVBSAPF6xYSoSYRWfpKZ83d4jXPW0WUORjwjb694mqUeSNtC6g_YimWh-LzvEuX7PtoY9DTW2BGNrhbF36gBP6H_dovGe86UVMbRSDQjaDrXx8OnXd52HL9PTm5AyYgByl0DAGqYayEEtQPkF2i0xrFY1Mg6SfWIRcV8a0gTY9jw.1bgQ1KJZaw3BP7Xiv_MdqpcrthRKdHBH0De5-qR2R_k&dib_tag=se&keywords=TV+4k+amazon&qid=1770885288&refinements=p_n_g-101015506708111%3A100445450031&rnid=100445373031&sr=8-14,,
acer 127 cm \ Ultra I Series 4K Ultra HD Smart LED Google TV AR50UDGGU2875BD,99990,4.1 stars,61% off,"FREE delivery as soon as Sat, 14 Fe",https://www.amazon.in/sspa/click?ie=UTF8&spc=MTo0MjMwNjkzNTE4Njc1NDgwOjE3NzA4ODUyODA6c3BfYXRmX25leHQ6MzAwNTczNDQ0NzY3ODMyOjowOjo&url=%2FTCL-inches-Ultra-Google-55P71K%2Fdp%2FB0F3JLVHS9%2Fref%3Dsr_1_18_sspa%3Fdib%3DeyJ2IjoiMSJ9.YbAmQCn8ULBCuRPC--akH7XLhL6srjUadCj_tmLdiS3aFYrDHqpf2mcTIrGm-yhHn2HcTu98xa_ITpF16uIWjFiv5g5M9Cwf6A041XwHOe-ojzA-xi_gNoHQ0-jssuZMmipeKGCXnqF_aR7z_5IhBIuHwufQ5ljlfE0_yqTOOYNbqqm7-5cnkTupLrrqPAgr9mn0HqRF_Y0RayWxQ2LVq6g9IDvA9PeM6xOHS9SxxX0.bt7dAXjwiDenRRy1Znamr4awXNfeO--0X4mRd5TCCy8%26dib_tag%3Dse%26keywords%3DTV%2B4k%2Bamazon%26qid%3D1770885280%26sr%3D8-18-spons%26aref%3DaYW0hJuVvf%26sp_csd%3Dd2lkZ2V0TmFtZT1zcF9hdGZfbmV4dA%26psc%3D1&aref=aYW0hJuVvf&sp_cr=ZAZ,https://m.media-amazon.com/images/I/81tDKJC0lvL._AC_UY218_.jpg,
127 cm  Ultra I Series 4K Ultra HD Smart LED Google TV AR50UDGGU2875BD,63999,3.9 stars,63% off,"FREE delivery as soon as Sat, 14 Fe",https://www.amazon.in/acer-inches-Ultra-Google-AR50UDGGU2875BD/dp/B0FDW7819M/ref=sr_1_19?dib=eyJ2IjoiMSJ9.YbAmQCn8ULBCuRPC--akH7XLhL6srjUadCj_tmLdiS3aFYrDHqpf2mcTIrGm-yhHn2HcTu98xa_ITpF16uIWjFiv5g5M9Cwf6A041XwHOe-ojzA-xi_gNoHQ0-jssuZMmipeKGCXnqF_aR7z_5IhBIuHwufQ5ljlfE0_yqTOOYNbqqm7-5cnkTupLrrqPAgr9mn0HqRF_Y0RayWxQ2LVq6g9IDvA9PeM6xOHS9SxxX0.bt7dAXjwiDenRRy1Znamr4awXNfeO--0X4mRd5TCCy8&dib_tag=se&keywords=TV+4k+amazon&qid=1770885280&sr=8-19,https://m.media-amazon.com/images/I/61Su2HvlRWL._AC_UY218_.jpg,
VW 108 cm \ Nano Sync Series 4K Ultra HD Smart JioTele OS QLED TV VW43JQ1 \(Black,299,3.8 stars,17% off,"FREE delivery Tue, 17 Feb",https://www.amazon.in/LUNAGARIYA-PRUSHTI-Leather-Protective-Control/dp/B08L9KBB1H/ref=sr_1_20?dib=eyJ2IjoiMSJ9.YbAmQCn8ULBCuRPC--akH7XLhL6srjUadCj_tmLdiS3aFYrDHqpf2mcTIrGm-yhHn2HcTu98xa_ITpF16uIWjFiv5g5M9Cwf6A041XwHOe-ojzA-xi_gNoHQ0-jssuZMmipeKGCXnqF_aR7z_5IhBIuHwufQ5ljlfE0_yqTOOYNbqqm7-5cnkTupLrrqPAgr9mn0HqRF_Y0RayWxQ2LVq6g9IDvA9PeM6xOHS9SxxX0.bt7dAXjwiDenRRy1Znamr4awXNfeO--0X4mRd5TCCy8&dib_tag=se&keywords=TV+4k+amazon&qid=1770885280&sr=8-20,https://m.media-amazon.com/images/I/81Dc7MGS3YL._AC_UY218_.jpg,
108 cm  Nano Sync Series 4K Ultra HD Smart JioTele OS QLED TV VW43JQ1 (Black,63999,4.0 stars,"M.R.P: ₹63,999",,https://www.amazon.in/VW-inches-Ultra-JioTele-VW43JQ1/dp/B0FDBJB455/ref=sr_1_21?dib=eyJ2IjoiMSJ9.YbAmQCn8ULBCuRPC--akH7XLhL6srjUadCj_tmLdiS3aFYrDHqpf2mcTIrGm-yhHn2HcTu98xa_ITpF16uIWjFiv5g5M9Cwf6A041XwHOe-ojzA-xi_gNoHQ0-jssuZMmipeKGCXnqF_aR7z_5IhBIuHwufQ5ljlfE0_yqTOOYNbqqm7-5cnkTupLrrqPAgr9mn0HqRF_Y0RayWxQ2LVq6g9IDvA9PeM6xOHS9SxxX0.bt7dAXjwiDenRRy1Znamr4awXNfeO--0X4mRd5TCCy8&dib_tag=se&keywords=TV+4k+amazon&qid=1770885280&sr=8-21,"https://m.media-amazon.com/images/S/al-eu-726f4d26-7fdb/f4960916-14aa-4867-ac4e-be1575c9cd9b._CR0,0,4049,971_AC_SX130_SY60_CB1169409_QL70_.jpg",
TCL 108 cm  Metallic Bezel Less Series 4K Ultra HD Smart LED Google TV 43V6C (Black,52990,4.0 stars,59% off,"FREE delivery as soon as Sat, 14 Fe",https://www.amazon.in/sspa/click?ie=UTF8&spc=MTo4MTU1NTM0MTk0NTg5NDExOjE3NzA4ODUyODA6c3Bfc2VhcmNoX3RoZW1hdGljOjMwMDU4NzUzNzA3NjEzMjo6MDo6&url=%2FTCL-inches-Metallic-Google-43V6C%2Fdp%2FB0F2J7JVR1%2Fref%3Dsxin_14_pa_sp_search_thematic_sspa%3Fcontent-id%3Damzn1.sym.c007a59b-1788-4f64-b1ed-4d72476022eb%253Aamzn1.sym.c007a59b-1788-4f64-b1ed-4d72476022eb%26cv_ct_cx%3DTV%2B4k%2Bamazon%26keywords%3DTV%2B4k%2Bamazon%26pd_rd_i%3DB0F2J7JVR1%26pd_rd_r%3D930ad167-25d4-41cb-86bc-804749b03e44%26pd_rd_w%3DCZynM%26pd_rd_wg%3DbCstG%26pf_rd_p%3Dc007a59b-1788-4f64-b1ed-4d72476022eb%26pf_rd_r%3D6BZJKM485A02H30MAX4B%26qid%3D1770885280%26sbo%3DRZvfv%252F%252FHxDF%252BO5021pAnSA%253D%253D%26sr%3D1-17-2ec22325-1003-449d-8aaf-c0bcc24717ae-spons%26aref%3DRDi2MXjlui%26sp_csd%3Dd2lkZ2V0TmFtZT1zcF9zZWFyY2hfdGhlbWF0aWM%26psc%3D1&aref=RDi2MXjlui&sp_cr=ZAZ,https://m.media-amazon.com/images/I/71keqeuJ0eL._AC_UL320_.jpg,
Sponsored Ad - TCL 139 cm \ 4K Ultra HD Smart QLED Google TV 55P71K,35990,4.0 stars,50% off,"FREE delivery as soon as Sat, 14 Fe",https://www.amazon.in/sspa/click?ie=UTF8&spc=MTo4MTU1NTM0MTk0NTg5NDExOjE3NzA4ODUyODA6c3Bfc2VhcmNoX3RoZW1hdGljOjMwMDU1MDQ1NDAwMDIzMjo6MTo6&url=%2FTCL-inches-Smart-Google-40V5C%2Fdp%2FB0DZHRYFG7%2Fref%3Dsxin_14_pa_sp_search_thematic_sspa%3Fcontent-id%3Damzn1.sym.c007a59b-1788-4f64-b1ed-4d72476022eb%253Aamzn1.sym.c007a59b-1788-4f64-b1ed-4d72476022eb%26cv_ct_cx%3DTV%2B4k%2Bamazon%26keywords%3DTV%2B4k%2Bamazon%26pd_rd_i%3DB0DZHRYFG7%26pd_rd_r%3D930ad167-25d4-41cb-86bc-804749b03e44%26pd_rd_w%3DCZynM%26pd_rd_wg%3DbCstG%26pf_rd_p%3Dc007a59b-1788-4f64-b1ed-4d72476022eb%26pf_rd_r%3D6BZJKM485A02H30MAX4B%26qid%3D1770885280%26sbo%3DRZvfv%252F%252FHxDF%252BO5021pAnSA%253D%253D%26sr%3D1-18-2ec22325-1003-449d-8aaf-c0bcc24717ae-spons%26aref%3Drw8RXFdKm0%26sp_csd%3Dd2lkZ2V0TmFtZT1zcF9zZWFyY2hfdGhlbWF0aWM%26psc%3D1&aref=rw8RXFdKm0&sp_cr=ZAZ,https://m.media-amazon.com/images/I/81SyxW8k2nL._AC_UL320_.jpg,
TCL 139 cm  4K Ultra HD Smart QLED Google TV 55P71K,99990,4.1 stars,61% off,"FREE delivery as soon as Sat, 14 Fe",https://www.amazon.in/sspa/click?ie=UTF8&spc=MTo4MTU1NTM0MTk0NTg5NDExOjE3NzA4ODUyODA6c3Bfc2VhcmNoX3RoZW1hdGljOjMwMDU3MzQ0NDc2NzgzMjo6Mjo6&url=%2FTCL-inches-Ultra-Google-55P71K%2Fdp%2FB0F3JLVHS9%2Fref%3Dsxin_14_pa_sp_search_thematic_sspa%3Fcontent-id%3Damzn1.sym.c007a59b-1788-4f64-b1ed-4d72476022eb%253Aamzn1.sym.c007a59b-1788-4f64-b1ed-4d72476022eb%26cv_ct_cx%3DTV%2B4k%2Bamazon%26keywords%3DTV%2B4k%2Bamazon%26pd_rd_i%3DB0F3JLVHS9%26pd_rd_r%3D930ad167-25d4-41cb-86bc-804749b03e44%26pd_rd_w%3DCZynM%26pd_rd_wg%3DbCstG%26pf_rd_p%3Dc007a59b-1788-4f64-b1ed-4d72476022eb%26pf_rd_r%3D6BZJKM485A02H30MAX4B%26qid%3D1770885280%26sbo%3DRZvfv%252F%252FHxDF%252BO5021pAnSA%253D%253D%26sr%3D1-19-2ec22325-1003-449d-8aaf-c0bcc24717ae-spons%26aref%3DaYW0hJuVvf%26sp_csd%3Dd2lkZ2V0TmFtZT1zcF9zZWFyY2hfdGhlbWF0aWM%26psc%3D1&aref=aYW0hJuVvf&sp_cr=ZAZ,https://m.media-amazon.com/images/I/71mA83yc8xL._AC_UL320_.jpg,
Xiaomi 138 cm  FX Ultra HD 4K Smart LED Fire TV L55MB-FIN,54999,4.0 stars,44% off,"FREE delivery as soon as Sat, 14 Fe",https://www.amazon.in/sspa/click?ie=UTF8&spc=MTo4MTU1NTM0MTk0NTg5NDExOjE3NzA4ODUyODA6c3Bfc2VhcmNoX3RoZW1hdGljOjMwMDU4OTgzMjUwMzIzMjo6Mzo6&url=%2FXiaomi-inch-Ultra-Smart-L55MB-FIN%2Fdp%2FB0F3JLSRZQ%2Fref%3Dsxin_14_pa_sp_search_thematic_sspa%3Fcontent-id%3Damzn1.sym.c007a59b-1788-4f64-b1ed-4d72476022eb%253Aamzn1.sym.c007a59b-1788-4f64-b1ed-4d72476022eb%26cv_ct_cx%3DTV%2B4k%2Bamazon%26keywords%3DTV%2B4k%2Bamazon%26pd_rd_i%3DB0F3JLSRZQ%26pd_rd_r%3D930ad167-25d4-41cb-86bc-804749b03e44%26pd_rd_w%3DCZynM%26pd_rd_wg%3DbCstG%26pf_rd_p%3Dc007a59b-1788-4f64-b1ed-4d72476022eb%26pf_rd_r%3D6BZJKM485A02H30MAX4B%26qid%3D1770885280%26sbo%3DRZvfv%252F%252FHxDF%252BO5021pAnSA%253D%253D%26sr%3D1-20-2ec22325-1003-449d-8aaf-c0bcc24717ae-spons%26aref%3Dj8rr6P9s0H%26sp_csd%3Dd2lkZ2V0TmFtZT1zcF9zZWFyY2hfdGhlbWF0aWM%26psc%3D1&aref=j8rr6P9s0H&sp_cr=ZAZ,https://m.media-amazon.com/images/I/713ugrhML2L._AC_UL320_.jpg,
109 cm  Pro Series 4K Ultra HD Smart QLED Google TV VW43GQ1,49999,4.2 stars,65% off,"FREE delivery as soon as Sat, 14 Fe",https://www.amazon.in/VW-inches-Ultra-Google-VW43GQ1/dp/B0DRV6WTZY/ref=sr_1_22?dib=eyJ2IjoiMSJ9.YbAmQCn8ULBCuRPC--akH7XLhL6srjUadCj_tmLdiS3aFYrDHqpf2mcTIrGm-yhHn2HcTu98xa_ITpF16uIWjFiv5g5M9Cwf6A041XwHOe-ojzA-xi_gNoHQ0-jssuZMmipeKGCXnqF_aR7z_5IhBIuHwufQ5ljlfE0_yqTOOYNbqqm7-5cnkTupLrrqPAgr9mn0HqRF_Y0RayWxQ2LVq6g9IDvA9PeM6xOHS9SxxX0.bt7dAXjwiDenRRy1Znamr4awXNfeO--0X4mRd5TCCy8&dib_tag=se&keywords=TV+4k+amazon&qid=1770885280&sr=8-22,https://m.media-amazon.com/images/I/51G3nJ3pdHL._AC_UY218_.jpg,
"Cable - 3 Feet | 8K 60Hz HDR, 4K 120Hz, High Speed 48Gbps with Ethernet, eARC, 3D, HD",1999,4.1 stars,,"FREE delivery Sat, 14 Feb",https://www.amazon.in/Fire-TV-Stick-Alexa-Voice-Remote-3rd-Gen/dp/B08D32F4NV/ref=sr_1_23?dib=eyJ2IjoiMSJ9.YbAmQCn8ULBCuRPC--akH7XLhL6srjUadCj_tmLdiS3aFYrDHqpf2mcTIrGm-yhHn2HcTu98xa_ITpF16uIWjFiv5g5M9Cwf6A041XwHOe-ojzA-xi_gNoHQ0-jssuZMmipeKGCXnqF_aR7z_5IhBIuHwufQ5ljlfE0_yqTOOYNbqqm7-5cnkTupLrrqPAgr9mn0HqRF_Y0RayWxQ2LVq6g9IDvA9PeM6xOHS9SxxX0.bt7dAXjwiDenRRy1Znamr4awXNfeO--0X4mRd5TCCy8&dib_tag=se&keywords=TV+4k+amazon&qid=1770885280&sr=8-23,https://m.media-amazon.com/images/I/51am3nxFeoL._AC_UY218_.jpg,
"Cable - 3 Feet | 8K 60Hz HDR, 4K 120Hz, High Speed 48Gbps with Ethernet, eARC, 3D, HDCP 2",949,4.5 stars,68% off,"FREE delivery Mon, 16 Feb",https://www.amazon.in/Amazon-Basics-Pro-HDMI-Cable/dp/B0F6YQ9J25/ref=sr_1_24?dib=eyJ2IjoiMSJ9.YbAmQCn8ULBCuRPC--akH7XLhL6srjUadCj_tmLdiS3aFYrDHqpf2mcTIrGm-yhHn2HcTu98xa_ITpF16uIWjFiv5g5M9Cwf6A041XwHOe-ojzA-xi_gNoHQ0-jssuZMmipeKGCXnqF_aR7z_5IhBIuHwufQ5ljlfE0_yqTOOYNbqqm7-5cnkTupLrrqPAgr9mn0HqRF_Y0RayWxQ2LVq6g9IDvA9PeM6xOHS9SxxX0.bt7dAXjwiDenRRy1Znamr4awXNfeO--0X4mRd5TCCy8&dib_tag=se&keywords=TV+4k+amazon&qid=1770885280&sr=8-24,https://m.media-amazon.com/images/I/51am3nxFeoL._AC_UY218_.jpg,
Vu 139cm \ Vibe Series 4K QLED Smart Google TV 55VIBE-DV,2999,4.5 stars,72% off,"FREE delivery Sun, 15 Feb",https://www.amazon.in/Amazon-Basics-Pro-HDMI-Cable/dp/B0F83KW9F1/ref=sr_1_25?dib=eyJ2IjoiMSJ9.YbAmQCn8ULBCuRPC--akH7XLhL6srjUadCj_tmLdiS3aFYrDHqpf2mcTIrGm-yhHn2HcTu98xa_ITpF16uIWjFiv5g5M9Cwf6A041XwHOe-ojzA-xi_gNoHQ0-jssuZMmipeKGCXnqF_aR7z_5IhBIuHwufQ5ljlfE0_yqTOOYNbqqm7-5cnkTupLrrqPAgr9mn0HqRF_Y0RayWxQ2LVq6g9IDvA9PeM6xOHS9SxxX0.bt7dAXjwiDenRRy1Znamr4awXNfeO--0X4mRd5TCCy8&dib_tag=se&keywords=TV+4k+amazon&qid=1770885280&sr=8-25,https://m.media-amazon.com/images/I/71eEO0CitrL._AC_UY218_.jpg,
"LUNAGARIYA®, Protective Compatible with Amazon Fire TV Stick 4K Ultra HD All Alexa Voice",54999,4.0 stars,44% off,"FREE delivery as soon as Sat, 14 Fe",https://www.amazon.in/sspa/click?ie=UTF8&spc=MTo0MjMwNjkzNTE4Njc1NDgwOjE3NzA4ODUyODA6c3BfbXRmOjMwMDU4OTgzMjUwMzIzMjo6MDo6&url=%2FXiaomi-inch-Ultra-Smart-L55MB-FIN%2Fdp%2FB0F3JLSRZQ%2Fref%3Dsr_1_28_sspa%3Fdib%3DeyJ2IjoiMSJ9.YbAmQCn8ULBCuRPC--akH7XLhL6srjUadCj_tmLdiS3aFYrDHqpf2mcTIrGm-yhHn2HcTu98xa_ITpF16uIWjFiv5g5M9Cwf6A041XwHOe-ojzA-xi_gNoHQ0-jssuZMmipeKGCXnqF_aR7z_5IhBIuHwufQ5ljlfE0_yqTOOYNbqqm7-5cnkTupLrrqPAgr9mn0HqRF_Y0RayWxQ2LVq6g9IDvA9PeM6xOHS9SxxX0.bt7dAXjwiDenRRy1Znamr4awXNfeO--0X4mRd5TCCy8%26dib_tag%3Dse%26keywords%3DTV%2B4k%2Bamazon%26qid%3D1770885280%26sr%3D8-28-spons%26aref%3Dj8rr6P9s0H%26sp_csd%3Dd2lkZ2V0TmFtZT1zcF9tdGY%26psc%3D1&aref=j8rr6P9s0H&sp_cr=ZAZ,https://m.media-amazon.com/images/I/51cFOun8DJL._AC_UY218_.jpg,
VW 127 cm \ Pro Series 4K Ultra HD Smart QLED Google TV VW50GQ1,249,4.0 stars,,"FREE delivery Tue, 17 Feb",https://www.amazon.in/LUNAGARIYA%C2%AE-Protective-Compatible-Control-Leather/dp/B0B3XVJ33L/ref=sr_1_29?dib=eyJ2IjoiMSJ9.YbAmQCn8ULBCuRPC--akH7XLhL6srjUadCj_tmLdiS3aFYrDHqpf2mcTIrGm-yhHn2HcTu98xa_ITpF16uIWjFiv5g5M9Cwf6A041XwHOe-ojzA-xi_gNoHQ0-jssuZMmipeKGCXnqF_aR7z_5IhBIuHwufQ5ljlfE0_yqTOOYNbqqm7-5cnkTupLrrqPAgr9mn0HqRF_Y0RayWxQ2LVq6g9IDvA9PeM6xOHS9SxxX0.bt7dAXjwiDenRRy1Znamr4awXNfeO--0X4mRd5TCCy8&dib_tag=se&keywords=TV+4k+amazon&qid=1770885280&sr=8-29,https://m.media-amazon.com/images/I/81hRV8Jx+cL._AC_UY218_.jpg,
127 cm  Pro Series 4K Ultra HD Smart QLED Google TV VW50GQ1,54999,4.1 stars,58% off,"FREE delivery as soon as Sat, 14 Fe",https://www.amazon.in/VW-inches-Ultra-Google-VW50GQ1/dp/B0F2FPC11M/ref=sr_1_30?dib=eyJ2IjoiMSJ9.YbAmQCn8ULBCuRPC--akH7XLhL6srjUadCj_tmLdiS3aFYrDHqpf2mcTIrGm-yhHn2HcTu98xa_ITpF16uIWjFiv5g5M9Cwf6A041XwHOe-ojzA-xi_gNoHQ0-jssuZMmipeKGCXnqF_aR7z_5IhBIuHwufQ5ljlfE0_yqTOOYNbqqm7-5cnkTupLrrqPAgr9mn0HqRF_Y0RayWxQ2LVq6g9IDvA9PeM6xOHS9SxxX0.bt7dAXjwiDenRRy1Znamr4awXNfeO--0X4mRd5TCCy8&dib_tag=se&keywords=TV+4k+amazon&qid=1770885280&sr=8-30,https://m.media-amazon.com/images/I/718EBAdmeQL._AC_UY218_.jpg,
TCL 108 cm \ Metallic Bezel Less Series 4K Ultra HD Smart LED Google TV 43V6C \(Black,9999,3.3 stars,72% off,"FREE delivery Sat, 14 Feb",https://www.amazon.in/JIFAR-Projector-Smartphone-Portable-Compatible/dp/B0FGQN85YF/ref=sr_1_31?dib=eyJ2IjoiMSJ9.YbAmQCn8ULBCuRPC--akH7XLhL6srjUadCj_tmLdiS3aFYrDHqpf2mcTIrGm-yhHn2HcTu98xa_ITpF16uIWjFiv5g5M9Cwf6A041XwHOe-ojzA-xi_gNoHQ0-jssuZMmipeKGCXnqF_aR7z_5IhBIuHwufQ5ljlfE0_yqTOOYNbqqm7-5cnkTupLrrqPAgr9mn0HqRF_Y0RayWxQ2LVq6g9IDvA9PeM6xOHS9SxxX0.bt7dAXjwiDenRRy1Znamr4awXNfeO--0X4mRd5TCCy8&dib_tag=se&keywords=TV+4k+amazon&qid=1770885280&sr=8-31,https://m.media-amazon.com/images/I/71wUKRGtLRL._AC_UY218_.jpg,
108 cm  Metallic Bezel Less Series 4K Ultra HD Smart LED Google TV 43V6C (Black,52990,4.0 stars,59% off,"FREE delivery as soon as Sat, 14 Fe",https://www.amazon.in/TCL-inches-Metallic-Google-43V6C/dp/B0F2J7JVR1/ref=sr_1_32?dib=eyJ2IjoiMSJ9.YbAmQCn8ULBCuRPC--akH7XLhL6srjUadCj_tmLdiS3aFYrDHqpf2mcTIrGm-yhHn2HcTu98xa_ITpF16uIWjFiv5g5M9Cwf6A041XwHOe-ojzA-xi_gNoHQ0-jssuZMmipeKGCXnqF_aR7z_5IhBIuHwufQ5ljlfE0_yqTOOYNbqqm7-5cnkTupLrrqPAgr9mn0HqRF_Y0RayWxQ2LVq6g9IDvA9PeM6xOHS9SxxX0.bt7dAXjwiDenRRy1Znamr4awXNfeO--0X4mRd5TCCy8&dib_tag=se&keywords=TV+4k+amazon&qid=1770885280&sr=8-32,https://m.media-amazon.com/images/I/61S1TckFJuL._AC_UY218_.jpg,
trol Compatible for Amazon Fire Tv Stick Remote Original Model L5B83G S3L46N Only 2Nd Generation Fir,999,3.7 stars,50% off,"FREE delivery Tue, 17 Feb",https://www.amazon.in/VMPS-Warranty-Compatible-Generation-Bluetooth/dp/B0DH3C17PP/ref=sr_1_33?dib=eyJ2IjoiMSJ9.YbAmQCn8ULBCuRPC--akH7XLhL6srjUadCj_tmLdiS3aFYrDHqpf2mcTIrGm-yhHn2HcTu98xa_ITpF16uIWjFiv5g5M9Cwf6A041XwHOe-ojzA-xi_gNoHQ0-jssuZMmipeKGCXnqF_aR7z_5IhBIuHwufQ5ljlfE0_yqTOOYNbqqm7-5cnkTupLrrqPAgr9mn0HqRF_Y0RayWxQ2LVq6g9IDvA9PeM6xOHS9SxxX0.bt7dAXjwiDenRRy1Znamr4awXNfeO--0X4mRd5TCCy8&dib_tag=se&keywords=TV+4k+amazon&qid=1770885280&sr=8-33,https://m.media-amazon.com/images/I/71keqeuJ0eL._AC_UY218_.jpg,
Toshiba 108 cm \ C350NP Series 4K Ultra HD Smart LED Google TV 43C350NP \(Black,35990,4.0 stars,50% off,"FREE delivery as soon as Sat, 14 Fe",https://www.amazon.in/TCL-inches-Smart-Google-40V5C/dp/B0DZHRYFG7/ref=sr_1_34?dib=eyJ2IjoiMSJ9.YbAmQCn8ULBCuRPC--akH7XLhL6srjUadCj_tmLdiS3aFYrDHqpf2mcTIrGm-yhHn2HcTu98xa_ITpF16uIWjFiv5g5M9Cwf6A041XwHOe-ojzA-xi_gNoHQ0-jssuZMmipeKGCXnqF_aR7z_5IhBIuHwufQ5ljlfE0_yqTOOYNbqqm7-5cnkTupLrrqPAgr9mn0HqRF_Y0RayWxQ2LVq6g9IDvA9PeM6xOHS9SxxX0.bt7dAXjwiDenRRy1Znamr4awXNfeO--0X4mRd5TCCy8&dib_tag=se&keywords=TV+4k+amazon&qid=1770885280&sr=8-34,https://m.media-amazon.com/images/I/91CHgw7Q9RL._AC_UY218_.jpg,
108 cm  C350NP Series 4K Ultra HD Smart LED Google TV 43C350NP (Black,39999,4.0 stars,45% off,"FREE delivery as soon as Sat, 14 Fe",https://www.amazon.in/TOSHIBA-inches-C350NP-Google-43C350NP/dp/B0D3XD9M5D/ref=sr_1_35?dib=eyJ2IjoiMSJ9.YbAmQCn8ULBCuRPC--akH7XLhL6srjUadCj_tmLdiS3aFYrDHqpf2mcTIrGm-yhHn2HcTu98xa_ITpF16uIWjFiv5g5M9Cwf6A041XwHOe-ojzA-xi_gNoHQ0-jssuZMmipeKGCXnqF_aR7z_5IhBIuHwufQ5ljlfE0_yqTOOYNbqqm7-5cnkTupLrrqPAgr9mn0HqRF_Y0RayWxQ2LVq6g9IDvA9PeM6xOHS9SxxX0.bt7dAXjwiDenRRy1Znamr4awXNfeO--0X4mRd5TCCy8&dib_tag=se&keywords=TV+4k+amazon&qid=1770885280&sr=8-35,https://m.media-amazon.com/images/I/41Kw+VoV3vL._AC_UY218_.jpg,
E Gate Zen 7X Google TV Projector | Fully Automatic & 100% Dust-Free | 700 ISO | Dolby Audio | Proje,99999,4.6 stars,44% off,"FREE delivery as soon as Sat, 14 Fe; Free | 700 ISO | Dolby Audio | Proj; Free | 700 ISO | Dolby Audio | Proj",https://www.amazon.in/sspa/click?ie=UTF8&spc=MTo0MjMwNjkzNTE4Njc1NDgwOjE3NzA4ODUyODA6c3BfYnRmOjMwMDkwMzI4MjYzNzYzMjo6MDo6&url=%2FPhilips-Frameless-Google-65MLED610-94%2Fdp%2FB0G6LYM6DY%2Fref%3Dsr_1_38_sspa%3Fdib%3DeyJ2IjoiMSJ9.YbAmQCn8ULBCuRPC--akH7XLhL6srjUadCj_tmLdiS3aFYrDHqpf2mcTIrGm-yhHn2HcTu98xa_ITpF16uIWjFiv5g5M9Cwf6A041XwHOe-ojzA-xi_gNoHQ0-jssuZMmipeKGCXnqF_aR7z_5IhBIuHwufQ5ljlfE0_yqTOOYNbqqm7-5cnkTupLrrqPAgr9mn0HqRF_Y0RayWxQ2LVq6g9IDvA9PeM6xOHS9SxxX0.bt7dAXjwiDenRRy1Znamr4awXNfeO--0X4mRd5TCCy8%26dib_tag%3Dse%26keywords%3DTV%2B4k%2Bamazon%26qid%3D1770885280%26sr%3D8-38-spons%26aref%3DsTiRGY8DN3%26sp_csd%3Dd2lkZ2V0TmFtZT1zcF9idGY%26psc%3D1&aref=sTiRGY8DN3&sp_cr=ZAZ,https://aax-eu-zaz.amazon.in/e/is/D8A8F2B64B75DAA625F6833085AA5FF3/impb?b=JEdNV-V-AvMHeTw2Iginy9kAAAGcUPzyXQoAAAH2AQBvbm9fdHhuX2JpZDEgICBvbm9fdHhuX2ltcDIgICBiCSle&w=0&bi=imv1c_ek8OQwmUPso0u63oAiNpG7q1INPFCfxr1Yt7ZZLO7hRUwZZVs3J3GHsl4Do_X6svG_Kgok3cgp6lxlOPkSuOV3uf-NH_xub9QVLC9zEcKe-u5oxgebX9mst87vk-9KPMd9j7PxvJGPa60L8WU1LxpERA8UkPwMF8z6xVmpPJbCNyB_9GdqPNamWNy10WwJPTMY_jgZcQcmBve4dYHCFlqQ77dQ9bZyvaCBEdDJbUI8X8DsulEzDTPy4WSsQ3tC6Agg-fUab261mzmBVBcJI3wzXjtjnlnnY_lKvlvvSGwpWWXV9jEK8r3Rk05mq6q7eno5s0XNrTd98Y7uDLxuw74Y_7q6Fdvg,
Xiaomi 138 cm \ FX Pro QLED Ultra HD 4K Smart Fire TV L55MB-FPIN,62999,4.0 stars,"M.R.P: ₹62,999",,https://aax-eu-zaz.amazon.in/x/c/JB61tq9bqFGc5njtxC78lAIAAAGcUPzzAQoAAAH2AQBvbm9fdHhuX2JpZDIgICBvbm9fdHhuX2ltcDEgICBqDRcy/clv1c_ek-IBPHzFcbaLUn-ph8AQ2gzhFI7Z8YhUstV17agtj14aUVIuk5F030UIQHLHGv_RFY_6aKVHMbFSabCfb7xZ33_VkOkaXvVKOEHTonmvMxyuSL3_pGRwOj86ZlExrK19Vu9FdDeKoempbaYxYPHl-fM4dyOxhVqk3h2zTaEHC6fmO0ejYyVURrIL8mcHH4UvWyz2OuI3IXIwuJlw6CAMly-VM5-RAjgnMpd7U-vF88cRLQTKj8wGuy33FrI6e7C93Q5QzdXLiWQGdkHU2p0sW_reApv0io_NjjztIN5faZCiG0FrSLs5nITInZdGPQ-hCiicZn3EKwsTC_ND-iQ0BmY5m2HgYfwDIXdrF-Lz-OduVrjtA26P9dZUVGgK-gnJyJxr9M8VuuT7FAeRcYu9BtJ25yrIatYa-xO4RsCYb5w17NDYJ8c-bg8z9-FjO0mb9jdVCamQOceQBtJXd1hq4XJEbVYsMAdsFQdNgVnhFztDjpL9La9ynV_y3jkBA48JvnjAUuWPu1XhcXAAv2MzQOaDEkzGRp1UOYkh9X7p9htJvYEytbLbkel86tlj6JNojyaXhtyXio1fF3X2AP_IVwUk1RmIhzOoT9wKF8woMOj1o8pJ_Zc3_1dqqLpXOs-TMVTgK0gEh_3OlHCcDe1EewkugIL_JsYKEHoZOZcC_zIEF4hDY4HQWBmdmugOsIMdbrzQLRRq93QtHgGHP3pZAD21JgHJicK3-9ycTS5QVkT-QPP9riPlmG7G_CdJfE87hE9KfaCa9WowElN-clN8UyHnzrlMbkcl7o6DTuMoIDyCWmVnWJTCn18CUQwPghIeQmNfMVEuuOlFtWrNMB5UVxw-Db-sG22JplPl8sfnjHzduxGwaiWijqDkzfdg9qaAj-oGjKFD1c82x9QNmAV5iU7xAoprpTamWcX6H61Zsc-oTYJ7hQAEalP1Ir5RHY_RNH9m4AN61dRvodsjfb8teQHs9nnG8XEY5Rh-qmTcW_2b3crpph2ARvKk5ht61DF6GiNf_qPU8KTqU_WsbfrjI97YTyKMk-h4VwHCClMnlnQQI44u_mlbAbqEKYYfSVgnUS8LTbjMX1eD-tHputBK2E_AmT1cZLakGcfZ1J5o0fqYYazF7y4tyRHk_4V6atZbufdGAeG1_yTNE1qCauMRIyy92frERE6LmDABcKyN6bynxZq4U984M3jgn3mJFzM1rJbQUmPRhO5jfd9IneaUMQ3jlM8pHyq042QO1AsjQ3nyr5q2AzD-p_NFZRM7qY_4TbtPxlj1V9wAQwyEVST6s9RpnVEYhWnr3tZFG1vuvcKXgL2AK29ARtkAagGrOoBW8dCspl6OBpxEO7wU3LDMkOkeg-TsuTulw37-qydmjn9OzRN5EVjxzvx4MbnRH3DjI5qEmwN41L4g33jUd_7ubC8ch4uI10o1IniwS60Vzt23q3D6pk5zgz8JBh6EGHvUr14b3qu1o0EvoRTGo30tavzNAdg8oj5KEVsiz_xQEIo8fjm-rmjx0es-YcAj7Uj0HjdJVpS1m7JcysQ4CicninZGPJxod-lxWIKkMDwAQKAALufRCI3bdk5XKyfedCo5gXaqE9ANYKGYuEUpKSOcfGI878tycfBbwELVgQZGkyIth9u9InH1c5BYMPTRizOPS0I6bbUFzCzpOjKBr_KL7Ixofx-8noj2q2UNPBJt_xqxtXWQml5MvKr2A/https://www.amazon.in/stores/page/18150503-C48C-4AB3-8F51-5BF2CA6414A7/?_encoding=UTF8&store_ref=SB_A02367523KBVZAY0R0RJ6-A0112583L078CY6VIZEU&pd_rd_plhdr=t&aaxitk=505495b02900f76a9626656bbc475e16&hsa_cr_id=0&lp_asins=B0F3JL33DW%2CB0F3JP4TWW%2CB0F3JKY28G&lp_query=TV%204k%20amazon&lp_slot=desktop-hsa-3psl&aref=zqzwcqD1IE&ref_=sbx_s_3psl_sbcd3_bkgd&pd_rd_w=je3sv&content-id=amzn1.sym.d6b37ee0-a335-43cb-ac0f-618aedda693d%3Aamzn1.sym.d6b37ee0-a335-43cb-ac0f-618aedda693d&pf_rd_p=d6b37ee0-a335-43cb-ac0f-618aedda693d&pf_rd_r=6BZJKM485A02H30MAX4B&pd_rd_wg=YGAdJ&pd_rd_r=67985363-e2ac-4e29-939d-f0451a134bb9,"https://m.media-amazon.com/images/S/al-eu-726f4d26-7fdb/aa04f1ab-b089-4153-a53a-ea5e7a4623a6._CR0,0,4513,4513_AC_SX130_SY60_CB1169409_QL70_.png",
